set,axis,arm,reference,n,agreement,ci_low,ci_high,kappa
axial,field,JEV,S5-REF,120,0.8167,0.75,0.8833,0.6949
axial,field,PROD-A,S5-REF,120,0.7833,0.7083,0.85,0.6175
axial,field,S55-maj,S5-REF,120,0.8833,0.825,0.9333,0.802
axial,field,S55-draw,S5-REF,120,0.8806,0.8278,0.9306,0.7984
axial,empirical_scope,JEV,S5-REF,120,0.7917,0.7167,0.8667,0.7185
axial,empirical_scope,PROD-A,S5-REF,120,0.75,0.675,0.825,0.6324
axial,empirical_scope,S55-maj,S5-REF,120,0.7167,0.6333,0.8,0.6292
axial,empirical_scope,S55-draw,S5-REF,120,0.7278,0.6528,0.8,0.641
axial,role_in_argument,JEV,S5-REF,120,0.5917,0.5,0.675,0.4612
axial,role_in_argument,PROD-A,S5-REF,120,0.575,0.4917,0.6667,0.4142
axial,role_in_argument,S55-maj,S5-REF,120,0.7333,0.65,0.8083,0.6337
axial,role_in_argument,S55-draw,S5-REF,120,0.7333,0.6583,0.8056,0.6333
axial,claim_type,JEV,S5-REF,117,0.6325,0.5461,0.7155,0.6043
axial,claim_type,PROD-A,S5-REF,117,0.4872,0.3965,0.5789,0.4491
axial,claim_type,S55-maj,S5-REF,117,0.6838,0.5966,0.7627,0.6625
axial,claim_type,S55-draw,S5-REF,117,0.6952,0.6158,0.7692,0.6744
axial,claim_type,JEV vs single draws,reference draws,120,0.625,0.5444,0.7,
axial,claim_type,PROD-A vs single draws,reference draws,120,0.475,0.3889,0.5583,
axial,claim_type,S55-maj vs single draws,reference draws,120,0.675,0.5944,0.7445,
axial,claim_type,reference draws pairwise,reference draws,120,0.8417,0.7861,0.8917,
axial,theory_school,JEV,S5-REF,105,0.4857,0.3905,0.5825,0.4453
axial,theory_school,S55-maj,S5-REF,105,0.6286,0.5353,0.7172,0.5802
axial,theory_school,S55-draw,S5-REF,105,0.6095,0.5242,0.6923,0.5581
axial,theory_school,JEV vs single draws,reference draws,120,0.4417,0.3667,0.5194,
axial,theory_school,S55-maj vs single draws,reference draws,120,0.5556,0.4833,0.625,
axial,theory_school,reference draws pairwise,reference draws,120,0.6194,0.5528,0.6861,
c1,actor_type,JEV,S55 draw majority,197,0.7157,0.6515,0.7778,0.6927
c1,actor_type,PROD-C,S55 draw majority,197,0.7513,0.6904,0.8122,0.734
c1,actor_type,JEV vs single draws,reference draws,200,0.7117,0.65,0.7683,
c1,actor_type,PROD-C vs single draws,reference draws,200,0.735,0.675,0.7917,
c1,actor_type,reference draws pairwise,reference draws,200,0.8717,0.8333,0.9083,
c2,claim_type,JEV,S55 draw majority,198,0.601,0.5306,0.665,0.528
c2,claim_type,PROD-C,S55 draw majority,198,0.6414,0.5736,0.705,0.5907
c2,claim_type,JEV vs single draws,reference draws,200,0.5967,0.5283,0.6583,
c2,claim_type,PROD-C vs single draws,reference draws,200,0.6333,0.5683,0.695,
c2,claim_type,reference draws pairwise,reference draws,200,0.89,0.8533,0.9233,
c2,claim_subject_type,JEV,S55 draw majority,200,0.69,0.62,0.75,0.573
c2,claim_subject_type,PROD-C,S55 draw majority,200,0.735,0.67,0.795,0.6241
c2,claim_subject_type,JEV vs single draws,reference draws,200,0.68,0.6166,0.74,
c2,claim_subject_type,PROD-C vs single draws,reference draws,200,0.7217,0.6583,0.7817,
c2,claim_subject_type,reference draws pairwise,reference draws,200,0.9367,0.9067,0.9633,
