set,arm,scope,items,calls,cost_usd,cost_per_1000_usd,latency_p50_ms,latency_p95_ms
axial,JEV,run1,120,120,0.0274,0.2284,321.65,382.385
axial,JEV,run2,120,120,0.0274,0.2284,328.2,378.625
axial,JEV,single,120,120,0.0274,0.2284,325.15,381.065
axial,S55,draw1,120,12,0.3491,2.9089,365.15,495.0
axial,S55,draw2,120,12,0.3502,2.9184,372.3,448.7
axial,S55,draw3,120,12,0.3485,2.9045,367.9,441.4
axial,S55,single,120,12,0.3493,2.9106,368.5,491.7
c1,JEV,run1,200,200,0.0074,0.0372,289.45,343.255
c1,JEV,run2,200,200,0.0074,0.0372,280.35,322.94
c1,JEV,single,200,200,0.0074,0.0372,284.25,331.975
c1,S55,draw1,200,20,0.2542,1.2709,190.05,296.03
c1,S55,draw2,200,20,0.2569,1.2846,221.0,584.745
c1,S55,draw3,200,20,0.2551,1.2756,183.55,610.4
c1,S55,single,200,20,0.2554,1.277,193.3,553.5
c2,JEV,run1,200,200,0.0069,0.0343,287.5,334.845
c2,JEV,run2,200,200,0.0069,0.0343,277.55,324.81
c2,JEV,single,200,200,0.0069,0.0343,281.7,330.145
c2,S55,draw1,200,20,0.3086,1.5431,241.65,309.525
c2,S55,draw2,200,20,0.3085,1.5423,288.6,650.035
c2,S55,draw3,200,20,0.3087,1.5435,236.45,346.51
c2,S55,single,200,20,0.3086,1.543,254.05,608.29
all,JEV,single,520,520,0.0417,0.0802,290.0,357.405
all,S55,single,520,52,0.9133,1.7563,256.0,601.0
