set,axis,method,coverage,kept,threshold,agreement,ci_low,ci_high
axial,field,JEV,1.0,120,,0.8167,0.75,0.8833
axial,field,JEV,0.9,108,0.41,0.8889,0.8148,0.9444
axial,field,JEV,0.8,96,0.58,0.9062,0.8438,0.9792
axial,field,JEV,0.7,84,0.68,0.9405,0.8926,0.9881
axial,empirical_scope,JEV,1.0,120,,0.7917,0.7167,0.8667
axial,empirical_scope,JEV,0.9,108,0.41,0.8148,0.7407,0.8981
axial,empirical_scope,JEV,0.8,96,0.58,0.8333,0.7604,0.9167
axial,empirical_scope,JEV,0.7,84,0.72,0.8929,0.8095,0.9643
axial,role_in_argument,JEV,1.0,120,,0.5917,0.5,0.675
axial,role_in_argument,JEV,0.9,108,0.35,0.6204,0.5185,0.7037
axial,role_in_argument,JEV,0.8,96,0.45,0.6458,0.5417,0.7396
axial,role_in_argument,JEV,0.7,84,0.52,0.6548,0.5595,0.7619
axial,claim_type,JEV,1.0,117,,0.6325,0.5461,0.7155
axial,claim_type,JEV,0.9,106,0.39,0.6604,0.5673,0.75
axial,claim_type,JEV,0.8,94,0.5,0.6809,0.587,0.7789
axial,claim_type,JEV,0.7,82,0.58,0.7073,0.6098,0.8193
axial,claim_type,S5-REF best-of-3,0.7949,,,1.0,1.0,1.0
axial,theory_school,JEV,1.0,105,,0.4857,0.3905,0.5825
axial,theory_school,JEV,0.9,95,0.28,0.5368,0.4316,0.6421
axial,theory_school,JEV,0.8,84,0.34,0.5714,0.4643,0.6778
axial,theory_school,JEV,0.7,74,0.38,0.5946,0.4805,0.7083
axial,theory_school,S5-REF best-of-3,0.5619,,,1.0,1.0,1.0
c1,actor_type,JEV,1.0,197,,0.7157,0.6515,0.7778
c1,actor_type,JEV,0.9,178,0.45,0.7697,0.7006,0.838
c1,actor_type,JEV,0.8,158,0.57,0.8101,0.7358,0.875
c1,actor_type,JEV,0.7,138,0.72,0.8768,0.7929,0.927
c2,claim_type,JEV,1.0,198,,0.601,0.5306,0.665
c2,claim_type,JEV,0.9,179,0.39,0.6257,0.5455,0.691
c2,claim_type,JEV,0.8,159,0.44,0.6415,0.5633,0.7188
c2,claim_type,JEV,0.7,139,0.51,0.6763,0.5942,0.75
c2,claim_subject_type,JEV,1.0,200,,0.69,0.62,0.75
c2,claim_subject_type,JEV,0.9,180,0.43,0.7167,0.65,0.7833
c2,claim_subject_type,JEV,0.8,160,0.53,0.7562,0.6875,0.8187
c2,claim_subject_type,JEV,0.7,140,0.59,0.8,0.7143,0.8571
